[
{
  "model": "webapp.product",
  "pk": 1,
  "fields": {
    "name": "butter",
    "description": "lorem ask ugk",
    "category": "other",
    "remainder": 0,
    "price": "65.00"
  }
},
{
  "model": "webapp.product",
  "pk": 2,
  "fields": {
    "name": "sumsung s9",
    "description": "color white, ssd 125",
    "category": "cell_phones",
    "remainder": 0,
    "price": "30000.00"
  }
},
{
  "model": "webapp.product",
  "pk": 3,
  "fields": {
    "name": "xxx-case",
    "description": "case for phone, color black, size 10*20",
    "category": "accessories",
    "remainder": 0,
    "price": "5000.00"
  }
},
{
  "model": "webapp.product",
  "pk": 4,
  "fields": {
    "name": "ifjreifj",
    "description": "iuehoif u54ri9poh4jeriuc fh489irf",
    "category": "other",
    "remainder": 0,
    "price": "400.00"
  }
},
{
  "model": "webapp.product",
  "pk": 5,
  "fields": {
    "name": "salt",
    "description": "",
    "category": "food",
    "remainder": 7,
    "price": "70.00"
  }
},
{
  "model": "webapp.product",
  "pk": 6,
  "fields": {
    "name": "shuger",
    "description": "",
    "category": "food",
    "remainder": 0,
    "price": "50.00"
  }
},
{
  "model": "webapp.product",
  "pk": 7,
  "fields": {
    "name": "bags",
    "description": "black for notebook",
    "category": "accessories",
    "remainder": 0,
    "price": "650.00"
  }
},
{
  "model": "webapp.product",
  "pk": 8,
  "fields": {
    "name": "glasses",
    "description": "red wwnthreth",
    "category": "accessories",
    "remainder": 0,
    "price": "500.00"
  }
},
{
  "model": "webapp.product",
  "pk": 9,
  "fields": {
    "name": "umberlla",
    "description": "",
    "category": "accessories",
    "remainder": 0,
    "price": "950.00"
  }
},
{
  "model": "webapp.product",
  "pk": 10,
  "fields": {
    "name": "eggs",
    "description": "gg gyu hgyhoiuh",
    "category": "food",
    "remainder": 0,
    "price": "10.00"
  }
},
{
  "model": "webapp.product",
  "pk": 11,
  "fields": {
    "name": "avacado",
    "description": "",
    "category": "food",
    "remainder": 0,
    "price": "60.00"
  }
},
{
  "model": "webapp.product",
  "pk": 12,
  "fields": {
    "name": "6thththwrhtr",
    "description": "thje56hyw56hy",
    "category": "other",
    "remainder": 0,
    "price": "45.00"
  }
},
{
  "model": "webapp.productinbasket",
  "pk": 20,
  "fields": {
    "product": 3,
    "quantity": 1
  }
},
{
  "model": "webapp.productinbasket",
  "pk": 21,
  "fields": {
    "product": 2,
    "quantity": 1
  }
},
{
  "model": "webapp.productinbasket",
  "pk": 32,
  "fields": {
    "product": 12,
    "quantity": 1
  }
},
{
  "model": "webapp.productinbasket",
  "pk": 34,
  "fields": {
    "product": 4,
    "quantity": 1
  }
},
{
  "model": "webapp.order",
  "pk": 1,
  "fields": {
    "user": 1,
    "name_user": "tyyy",
    "telephone": "yyy",
    "adress": "yyy",
    "date_time": "2021-04-05T12:20:04.320Z"
  }
},
{
  "model": "webapp.order",
  "pk": 2,
  "fields": {
    "user": 1,
    "name_user": "thrwth",
    "telephone": "7",
    "adress": "8",
    "date_time": "2021-04-05T12:22:52.705Z"
  }
},
{
  "model": "webapp.order",
  "pk": 3,
  "fields": {
    "user": 1,
    "name_user": "gdgd",
    "telephone": "gdgd",
    "adress": "gdegdg",
    "date_time": "2021-04-24T10:33:35.251Z"
  }
},
{
  "model": "webapp.order",
  "pk": 4,
  "fields": {
    "user": 1,
    "name_user": "feewfew",
    "telephone": "fewfewfew",
    "adress": "fwefewfew",
    "date_time": "2021-04-24T10:53:54.104Z"
  }
},
{
  "model": "webapp.order",
  "pk": 5,
  "fields": {
    "user": 1,
    "name_user": "etrfgsd",
    "telephone": "rgwfe",
    "adress": "rgsedfrwc",
    "date_time": "2021-04-24T11:20:46.979Z"
  }
},
{
  "model": "webapp.order",
  "pk": 6,
  "fields": {
    "user": 1,
    "name_user": "etrfgsd",
    "telephone": "rgwfe",
    "adress": "rgsedfrwc",
    "date_time": "2021-04-24T11:24:38.077Z"
  }
},
{
  "model": "webapp.order",
  "pk": 7,
  "fields": {
    "user": 1,
    "name_user": "tretre",
    "telephone": "ewrwerwwe",
    "adress": "erwrewrew",
    "date_time": "2021-04-24T11:27:49.870Z"
  }
},
{
  "model": "webapp.order",
  "pk": 8,
  "fields": {
    "user": 2,
    "name_user": "trgfrvd",
    "telephone": "trgfdc",
    "adress": "ref",
    "date_time": "2021-04-24T12:50:41.572Z"
  }
},
{
  "model": "webapp.order",
  "pk": 9,
  "fields": {
    "user": 2,
    "name_user": "Admin",
    "telephone": "45465",
    "adress": "wewfe",
    "date_time": "2021-04-26T08:51:51.204Z"
  }
},
{
  "model": "webapp.order",
  "pk": 10,
  "fields": {
    "user": 2,
    "name_user": "referf",
    "telephone": "ergfefr",
    "adress": "fes",
    "date_time": "2021-04-26T08:55:05.561Z"
  }
},
{
  "model": "webapp.order",
  "pk": 11,
  "fields": {
    "user": 2,
    "name_user": "ijuhygtrf",
    "telephone": "trgf",
    "adress": "rgfe",
    "date_time": "2021-04-26T09:08:32.884Z"
  }
},
{
  "model": "webapp.orderproduct",
  "pk": 1,
  "fields": {
    "product": 7,
    "order": 1,
    "quantity": 4
  }
},
{
  "model": "webapp.orderproduct",
  "pk": 2,
  "fields": {
    "product": 9,
    "order": 1,
    "quantity": 6
  }
},
{
  "model": "webapp.orderproduct",
  "pk": 3,
  "fields": {
    "product": 11,
    "order": 1,
    "quantity": 3
  }
},
{
  "model": "webapp.orderproduct",
  "pk": 4,
  "fields": {
    "product": 3,
    "order": 3,
    "quantity": 1
  }
},
{
  "model": "webapp.orderproduct",
  "pk": 5,
  "fields": {
    "product": 9,
    "order": 3,
    "quantity": 4
  }
},
{
  "model": "webapp.orderproduct",
  "pk": 6,
  "fields": {
    "product": 11,
    "order": 4,
    "quantity": 4
  }
},
{
  "model": "webapp.orderproduct",
  "pk": 7,
  "fields": {
    "product": 6,
    "order": 4,
    "quantity": 2
  }
},
{
  "model": "webapp.orderproduct",
  "pk": 8,
  "fields": {
    "product": 10,
    "order": 4,
    "quantity": 5
  }
},
{
  "model": "webapp.orderproduct",
  "pk": 9,
  "fields": {
    "product": 10,
    "order": 4,
    "quantity": 2
  }
},
{
  "model": "webapp.orderproduct",
  "pk": 10,
  "fields": {
    "product": 2,
    "order": 6,
    "quantity": 5
  }
},
{
  "model": "webapp.orderproduct",
  "pk": 11,
  "fields": {
    "product": 6,
    "order": 6,
    "quantity": 1
  }
},
{
  "model": "webapp.orderproduct",
  "pk": 12,
  "fields": {
    "product": 10,
    "order": 7,
    "quantity": 1
  }
},
{
  "model": "webapp.orderproduct",
  "pk": 13,
  "fields": {
    "product": 6,
    "order": 7,
    "quantity": 1
  }
},
{
  "model": "webapp.orderproduct",
  "pk": 14,
  "fields": {
    "product": 2,
    "order": 8,
    "quantity": 3
  }
},
{
  "model": "webapp.orderproduct",
  "pk": 15,
  "fields": {
    "product": 3,
    "order": 8,
    "quantity": 1
  }
},
{
  "model": "webapp.orderproduct",
  "pk": 16,
  "fields": {
    "product": 2,
    "order": 9,
    "quantity": 2
  }
},
{
  "model": "webapp.orderproduct",
  "pk": 17,
  "fields": {
    "product": 1,
    "order": 9,
    "quantity": 1
  }
},
{
  "model": "webapp.orderproduct",
  "pk": 18,
  "fields": {
    "product": 12,
    "order": 10,
    "quantity": 1
  }
},
{
  "model": "webapp.orderproduct",
  "pk": 19,
  "fields": {
    "product": 4,
    "order": 11,
    "quantity": 1
  }
},
{
  "model": "auth.user",
  "pk": 1,
  "fields": {
    "password": "pbkdf2_sha256$216000$RTlmBocVnQgZ$D1u0av9Ej+9Qg9a54NpEEm4jZqEPWQQPkVLZ/jn6lhY=",
    "last_login": "2021-04-26T12:21:09.808Z",
    "is_superuser": true,
    "username": "aiganysh",
    "first_name": "",
    "last_name": "",
    "email": "",
    "is_staff": true,
    "is_active": true,
    "date_joined": "2021-04-05T06:48:29.950Z",
    "groups": [],
    "user_permissions": []
  }
},
{
  "model": "auth.user",
  "pk": 2,
  "fields": {
    "password": "pbkdf2_sha256$216000$KlYtdT4XF4oS$kG9inO4ZQuMd/cbjBPouRQQp3USwaAb1wX1UpA+4ud0=",
    "last_login": "2021-04-26T12:24:13.988Z",
    "is_superuser": false,
    "username": "admin",
    "first_name": "admin",
    "last_name": "admin",
    "email": "alexa@gmail.com",
    "is_staff": false,
    "is_active": true,
    "date_joined": "2021-04-23T11:05:37Z",
    "groups": [
      1
    ],
    "user_permissions": []
  }
}
]
